order,family,genus,species,min.depth,max.depth
Pycnogonida,Ammotheidae,Achelia,alaskensis,0,180
Pycnogonida,Ammotheidae,Achelia,chelata,,
Pycnogonida,Ammotheidae,Achelia,echinata,,
Pycnogonida,Ammotheidae,Achelia,transfugoides,1,30
Pycnogonida,Ammotheidae,Ammothea,australiensis,,
Pycnogonida,Ammotheidae,Ammothea,carolinensis,,
Pycnogonida,Ammotheidae,Ammothea,clausi,,
Pycnogonida,Ammotheidae,Ammothea,glacialis,,
Pycnogonida,Ammotheidae,Ammothea,hilgendorfi,,
Pycnogonida,Ammotheidae,Ammothea,striata,,
Pycnogonida,Ammotheidae,Ammothella,biungiuculata,,
Pycnogonida,Ammotheidae,Ammothella,longipes,,
Pycnogonida,Ammotheidae,Ammothella,spinifera,,
Pycnogonida,Ammotheidae,Sericosura,verenae,,
Pycnogonida,Ammotheidae,Tanystylum,duospinum,,
Pycnogonida,Ammotheidae,Tanystylum,grossifemorum,,
Pycnogonida,Ammotheidae,Tanystylum,isabellae,,
Pycnogonida,Ascorhynchidae,Ascorhynchus,endoparasiticus,,
Pycnogonida,Ascorhynchidae,Boehmia,chelata,,
Pycnogonida,Ascorhynchidae,Nymphonella,tapetis,,
Pycnogonida,Austrodecidae,Austrodecus,frigorifugum,,
Pycnogonida,Austrodecidae,Austrodecus,glaciale,,
Pycnogonida,Callipallenidae,Callipallene,brevirostris,,
Pycnogonida,Callipallenidae,Parapallene,australiensis,,
Pycnogonida,Callipallenidae,Pseudopallene,watsonae,,
Pycnogonida,Callipallenidae,Stylopallene,longicauda,,
Pycnogonida,Colossendeidae,Colossendeis,colossea,,
Pycnogonida,Colossendeidae,Colossendeis,megalonyx,,
Pycnogonida,Colossendeidae,Colossendeis,minuta,,
Pycnogonida,Colossendeidae,Colossendeis,robusta,,
Pycnogonida,Colossendeidae,Colossendeis,scotti,,
Pycnogonida,Colossendeidae,Decolopoda,australis,,
Pycnogonida,Endeinae,Endeis,biseriata,,
Pycnogonida,Endeinae,Endeis,laevis,,
Pycnogonida,Endeinae,Endeis,mollis,,
Pycnogonida,Endeinae,Endeis,spinosa,,
Pycnogonida,Nymphonidae,Boreonymphon,robustum,,
Pycnogonida,Nymphonidae,Nymphon,aequidigitatum,,
Pycnogonida,Nymphonidae,Nymphon,australe,,
Pycnogonida,Nymphonidae,Nymphon,brevirostre,,
Pycnogonida,Nymphonidae,Nymphon,gracile,,
Pycnogonida,Nymphonidae,Nymphon,hirtipes,,
Pycnogonida,Nymphonidae,Nymphon,orcadense,,
Pycnogonida,Nymphonidae,Nymphon,parasiticum**,,
Pycnogonida,Nymphonidae,Pentanymphon,antarcticum,,
Pycnogonida,Pallenopsidae,Bathypallenopsis,mollissima,,
Pycnogonida,Pallenopsidae,Pallenopsis,cf. patagonica,,
Pycnogonida,Pallenopsidae,Pallenopsis,scoparia,,
Pycnogonida,Pallenopsidae,Pallenopsis,tritonis,,
Pycnogonida,Phoxichilidiidae,Anoplodactylus,californicus,,
Pycnogonida,Phoxichilidiidae,Anoplodactylus,evansi,,
Pycnogonida,Phoxichilidiidae,Anoplodactylus,lentus,,
Pycnogonida,Phoxichilidiidae,Anoplodactylus,longiceps,,
Pycnogonida,Phoxichilidiidae,Anoplodactylus,ophiurophilus,,
Pycnogonida,Phoxichilidiidae,Anoplodactylus,petiolatus,,
Pycnogonida,Phoxichilidiidae,Anoplodactylus,pygmaeus,,
Pycnogonida,Phoxichilidiidae,Anoplodactylus,stictus,,
Pycnogonida,Phoxichilidiidae,Pycnosomia,asterophila,,
Pycnogonida,Phoxichilidiidae,Pycnosomia,strongylocentroti,,
Pycnogonida,Phoxichilidiidae,Phoxichilidium,femoratum,,
Pycnogonida,Pycnogonidae,Pycnogonum,benokianum,,
Pycnogonida,Pycnogonidae,Pycnogonum,litorale,,
Pycnogonida,Pycnogonidae,Pycnogonum,stearnsi,,
Pycnogonida,Rhynchothoracidae,Rhynchothorax,australis,,
Pycnogonida,Ascorhynchidae,Pigrogromitus,timsanus,,
