genus,species,body_length,specific_eating_behavior,ant_lens_diameter,post_lens_diameter
Achelia,alaskensis,1,cnidarivore,0.04,0.04
Achelia,chelata,,molluscivore ,,
Achelia,echinata,,"algivore, carnivore, detritivore, cnidarivore",,
Achelia,transfugoides,0.92,cnidarivore,0.025,0.025
Ammothea,australiensis,,carnivore,,
Ammothea,carolinensis,,cnidarivore,,
Ammothea,clausi,,,,
Ammothea,glacialis,,,,
Ammothea,hilgendorfi,,"carnivore, cnidarivore",,
Ammothea,striata,,"cnidarivore, spongivore",,
Ammothella,biungiuculata,,"carnivore, cnidarivore",,
Ammothella,longipes,,"algivore, carnivore, detritivore",,
Ammothella,spinifera,,carnivore,,
Sericosura,verenae,,bacterivore,,
Tanystylum,duospinum,,cnidarivore,,
Tanystylum,grossifemorum,,corallivore ,,
Tanystylum,isabellae,,"cnidarivore,molluscivore, carnivore",,
Ascorhynchus,endoparasiticus,,molluscivore ,,
Boehmia,chelata,,corallivore ,,
Nymphonella,tapetis,,molluscivore ,,
Austrodecus,frigorifugum,,cnidarivore,,
Austrodecus,glaciale,,"cnidarivore, carnivore",,
Callipallene,brevirostris,,cnidarivore,,
Parapallene,australiensis,,cnidarivore,,
Pseudopallene,watsonae,,carnivore,,
Stylopallene,longicauda,,carnivore,,
Colossendeis,colossea,,cnidarivore,,
Colossendeis,megalonyx,,"corallivore, cnidarivore, molluscivore ",,
Colossendeis,minuta,,cnidarivore,,
Colossendeis,robusta,14,"corallivore, cnidarivore, molluscivore ",0.5,0.4
Colossendeis,scotti,,,,
Decolopoda,australis,,"cnidarivore, detritivore",,
Endeis,biseriata,,corallivore,,
Endeis,laevis,,detritivore,,
Endeis,mollis,,corallivore,,
Endeis,spinosa,,"cnidarivore, detritivore",,
Boreonymphon,robustum,,corallivore,,
Nymphon,aequidigitatum,,cnidarivore,,
Nymphon,australe,,carnivore,,
Nymphon,brevirostre,,cnidarivore,,
Nymphon,gracile,,"algivore, carnivore, detritivore, cnidarivore",,
Nymphon,hirtipes,,"cnidarivore, corallivore, molluscivore ",,
Nymphon,orcadense,,"molluscivore, carnivore, cnidarivore, detritivore",,
Nymphon,parasiticum**,,molluscivore ,,
Pentanymphon,antarcticum,,cnidarivore,,
Bathypallenopsis,mollissima,,corallivore,,
Pallenopsis,cf. patagonica,,detritivore,,
Pallenopsis,scoparia,,cnidarivore,,
Pallenopsis,tritonis,,cnidarivore,,
Anoplodactylus,californicus,,molluscivore ,,
Anoplodactylus,evansi,,"carnivore, cnidarivore, molluscivore",,
Anoplodactylus,lentus,,cnidarivore,,
Anoplodactylus,longiceps,,molluscivore ,,
Anoplodactylus,ophiurophilus,,carnivore,,
Anoplodactylus,petiolatus,,"carnivore, cnidarivore, molluscivore",,
Anoplodactylus,pygmaeus,,cnidarivore,,
Anoplodactylus,stictus,,"carnivore, cnidarivore",,
Pycnosomia,asterophila,,carnivore,,
Pycnosomia,strongylocentroti,,carnivore,,
Phoxichilidium,femoratum,,"carnivore, cnidarivore",,
Pycnogonum,benokianum,,cnidarivore,,
Pycnogonum,litorale,,"cnidarivore, carnivore,detritivore",,
Pycnogonum,stearnsi,,cnidarivore,,
Rhynchothorax,australis,,"cnidarivore, carnivore",,
Pigrogromitus,timsanus,,cnidarivore,,
