order,family,genus,species,min.depth,max.depth,depth_source,light_environment,foraging_ecology,diet,general_eating_behavior,specific_eating_behavior,trophic_breadth,body_length,bl_source,tubercle_shape,tubercle_height,th_source,eye_number,ant_lens_diameter,post_lens_diameter,ld_source,metric_conversion_yn,references
Pycnogonida,Ammotheidae,Achelia,alaskensis,,,,,,Medusae,,,,,,,,,,,,,,
Pycnogonida,Ammotheidae,Achelia,chelata,,,,,,Mollusks,,,,,,,,,,,,,,
Pycnogonida,Ammotheidae,Achelia,echinata,,,,,,Algae; Bryozoans; Detritus; Hydroids,,,,,,,,,,,,,,
Pycnogonida,Ammotheidae,Achelia,transfugoides,,,,,,Hydroids,,,,,,,,,,,,,,
Pycnogonida,Ammotheidae,Ammothea,australiensis,,,,,,Annelids,,,,,,,,,,,,,,
Pycnogonida,Ammotheidae,Ammothea,carolinensis,,,,,,Anthozoa; others,,,,,,,,,,,,,,
Pycnogonida,Ammotheidae,Ammothea,clausi,,,,,,others,,,,,,,,,,,,,,
Pycnogonida,Ammotheidae,Ammothea,glacialis,,,,,,others,,,,,,,,,,,,,,
Pycnogonida,Ammotheidae,Ammothea,hilgendorfi,,,,,,Echinoderms; Hydroids,,,,,,,,,,,,,,
Pycnogonida,Ammotheidae,Ammothea,striata,,,,,,Anthozoa; Sponges,,,,,,,,,,,,,,
Pycnogonida,Ammotheidae,Ammothella,biungiuculata,,,,,,Anthozoa; Echinoderms,,,,,,,,,,,,,,
Pycnogonida,Ammotheidae,Ammothella,longipes,,,,,,Algae; Annelids; Detritus; Nematoda,,,,,,,,,,,,,,
Pycnogonida,Ammotheidae,Ammothella,spinifera,,,,,,Annelids,,,,,,,,,,,,,,
Pycnogonida,Ammotheidae,Sericosura,verenae,,,,,,Bacteria,,,,,,,,,,,,,,
Pycnogonida,Ammotheidae,Tanystylum,duospinum,,,,,,Hydroids,,,,,,,,,,,,,,
Pycnogonida,Ammotheidae,Tanystylum,grossifemorum,,,,,,Corals,,,,,,,,,,,,,,
Pycnogonida,Ammotheidae,Tanystylum,isabellae,,,,,,Bryozoans; Hydroids; Mollusks,,,,,,,,,,,,,,
Pycnogonida,Ascorhynchidae,Ascorhynchus,endoparasiticus,,,,,,Mollusks,,,,,,,,,,,,,,
Pycnogonida,Ascorhynchidae,Boehmia,chelata,,,,,,Corals,,,,,,,,,,,,,,
Pycnogonida,Ascorhynchidae,Nymphonella,tapetis,,,,,,Mollusks,,,,,,,,,,,,,,
Pycnogonida,Austrodecidae,Austrodecus,frigorifugum,,,,,,Hydroids,,,,,,,,,,,,,,
Pycnogonida,Austrodecidae,Austrodecus,glaciale,,,,,,Bryozoans; Hydroids,,,,,,,,,,,,,,
Pycnogonida,Callipallenidae,Callipallene,brevirostris,,,,,,Hydroids,,,,,,,,,,,,,,
Pycnogonida,Callipallenidae,Parapallene,australiensis,,,,,,Hydroids,,,,,,,,,,,,,,
Pycnogonida,Callipallenidae,Pseudopallene,watsonae,,,,,,Bryozoans,,,,,,,,,,,,,,
Pycnogonida,Callipallenidae,Stylopallene,longicauda,,,,,,Bryozoans,,,,,,,,,,,,,,
Pycnogonida,Colossendeidae,Colossendeis,colossea,,,,,,Anthozoa,,,,,,,,,,,,,,
Pycnogonida,Colossendeidae,Colossendeis,megalonyx,,,,,,Corals; Hydroids; Mollusks; others,,,,,,,,,,,,,,
Pycnogonida,Colossendeidae,Colossendeis,minuta,,,,,,Anthozoa,,,,,,,,,,,,,,
Pycnogonida,Colossendeidae,Colossendeis,robusta,,,,,,Corals; Hydroids; Mollusks; others,,,,,,,,,,,,,,
Pycnogonida,Colossendeidae,Colossendeis,scotti,,,,,,others,,,,,,,,,,,,,,
Pycnogonida,Colossendeidae,Decolopoda,australis,,,,,,Anthozoa; Detritus,,,,,,,,,,,,,,
Pycnogonida,Endeinae,Endeis,biseriata,,,,,,Corals,,,,,,,,,,,,,,
Pycnogonida,Endeinae,Endeis,laevis,,,,,,Detritus,,,,,,,,,,,,,,
Pycnogonida,Endeinae,Endeis,mollis,,,,,,Corals,,,,,,,,,,,,,,
Pycnogonida,Endeinae,Endeis,spinosa,,,,,,Anthozoa; Detritus; Hydroids,,,,,,,,,,,,,,
Pycnogonida,Nymphonidae,Boreonymphon,robustum,,,,,,Corals,,,,,,,,,,,,,,
Pycnogonida,Nymphonidae,Nymphon,aequidigitatum,,,,,,Hydroids,,,,,,,,,,,,,,
Pycnogonida,Nymphonidae,Nymphon,australe,,,,,,Annelids; others,,,,,,,,,,,,,,
Pycnogonida,Nymphonidae,Nymphon,brevirostre,,,,,,Anthozoa; Hydroids,,,,,,,,,,,,,,
Pycnogonida,Nymphonidae,Nymphon,gracile,,,,,,Algae; Annelids; Anthozoa; Bryozoans; Detritus; Hydroids; others,,,,,,,,,,,,,,
Pycnogonida,Nymphonidae,Nymphon,hirtipes,,,,,,Anthozoa; Corals; Mollusks,,,,,,,,,,,,,,
Pycnogonida,Nymphonidae,Nymphon,orcadense,,,,,,Annelids; Anthozoa; Detritus; Mollusks; Nematoda; others,,,,,,,,,,,,,,
Pycnogonida,Nymphonidae,Nymphon,parasiticum**,,,,,,Mollusks,,,,,,,,,,,,,,
Pycnogonida,Nymphonidae,Pentanymphon,antarcticum,,,,,,Hydroids; others,,,,,,,,,,,,,,
Pycnogonida,Pallenopsidae,Bathypallenopsis,mollissima,,,,,,Corals,,,,,,,,,,,,,,
Pycnogonida,Pallenopsidae,Pallenopsis,cf. patagonica,,,,,,Detritus,,,,,,,,,,,,,,
Pycnogonida,Pallenopsidae,Pallenopsis,scoparia,,,,,,Medusae,,,,,,,,,,,,,,
Pycnogonida,Pallenopsidae,Pallenopsis,tritonis,,,,,,Medusae,,,,,,,,,,,,,,
Pycnogonida,Phoxichilidiidae,Anoplodactylus,californicus,,,,,,Mollusks,,,,,,,,,,,,,,
Pycnogonida,Phoxichilidiidae,Anoplodactylus,evansi,,,,,,Annelids; Hydroids; Mollusks,,,,,,,,,,,,,,
Pycnogonida,Phoxichilidiidae,Anoplodactylus,lentus,,,,,,Hydroids,,,,,,,,,,,,,,
Pycnogonida,Phoxichilidiidae,Anoplodactylus,longiceps,,,,,,Mollusks,,,,,,,,,,,,,,
Pycnogonida,Phoxichilidiidae,Anoplodactylus,ophiurophilus,,,,,,Echinoderms,,,,,,,,,,,,,,
Pycnogonida,Phoxichilidiidae,Anoplodactylus,petiolatus,,,,,,Annelids; Hydroids; Medusae; Mollusks; others,,,,,,,,,,,,,,
Pycnogonida,Phoxichilidiidae,Anoplodactylus,pygmaeus,,,,,,Hydroids,,,,,,,,,,,,,,
Pycnogonida,Phoxichilidiidae,Anoplodactylus,stictus,,,,,,Bryozoans; Hydroids,,,,,,,,,,,,,,
Pycnogonida,Phoxichilidiidae,Pycnosomia,asterophila,,,,,,Echinoderms,,,,,,,,,,,,,,
Pycnogonida,Phoxichilidiidae,Pycnosomia,strongylocentroti,,,,,,Echinoderms,,,,,,,,,,,,,,
Pycnogonida,Phoxichilidiidae,Phoxichilidium,femoratum,,,,,,Bryozoans; Hydroids,,,,,,,,,,,,,,
Pycnogonida,Pycnogonidae,Pycnogonum,benokianum,,,,,,Anthozoa,,,,,,,,,,,,,,
Pycnogonida,Pycnogonidae,Pycnogonum,litorale,,,,,,Anthozoa; Bryozoans; Detritus; Echinoderms; Hydroids; Medusae; others,,,,,,,,,,,,,,
Pycnogonida,Pycnogonidae,Pycnogonum,stearnsi,,,,,,Anthozoa,,,,,,,,,,,,,,
Pycnogonida,Rhynchothoracidae,Rhynchothorax,australis,,,,,,Bryozoans; Hydroids,,,,,,,,,,,,,,
Pycnogonida,Ascorhynchidae,Pigrogromitus,timsanus,,,,,,Anthozoa,,,,,,,,,,,,,,
